Implementation,DatasetSize,BatchNumber,Timestamp,TotalMemoryMB,MemoryPerRecord,RecordsProcessed,GCCount,GCTimeMs,HeapUsageMB,InsertionTimeMs
BPlusTree,10000,1,1731660626720,2.90,3045.05,1000,2,2,2.44,95
BPlusTree,10000,2,1731660626754,4.00,2099.42,2000,4,6,3.53,33
BPlusTree,10000,3,1731660626790,8.62,3013.91,3000,5,8,7.92,35
BPlusTree,10000,4,1731660626819,16.62,4357.59,4000,5,8,15.92,29
BPlusTree,10000,5,1731660626845,24.62,5163.79,5000,5,8,23.92,26
BPlusTree,10000,6,1731660626870,32.62,5701.26,6000,5,8,31.92,25
BPlusTree,10000,7,1731660626893,40.62,6085.17,7000,5,8,39.92,23
BPlusTree,10000,8,1731660626916,48.62,6373.10,8000,5,8,47.92,23
BPlusTree,10000,9,1731660626940,56.62,6597.04,9000,5,8,55.92,24
BPlusTree,10000,10,1731660626967,64.62,6776.20,10000,5,8,63.92,27
BPlusTreeCache,10000,1,1731660627994,7.46,7818.25,1000,0,0,14.50,17
BPlusTreeCache,10000,2,1731660628010,15.27,8003.58,2000,0,0,22.50,15
BPlusTreeCache,10000,3,1731660628023,23.27,8131.91,3000,0,0,30.50,13
BPlusTreeCache,10000,4,1731660628042,6.86,1797.89,4000,1,2,14.14,19
BPlusTreeCache,10000,5,1731660628055,14.39,3017.23,5000,1,2,22.14,12
BPlusTreeCache,10000,6,1731660628068,22.39,3912.45,6000,1,2,30.14,13
BPlusTreeCache,10000,7,1731660628085,8.90,1333.18,7000,2,6,17.10,17
BPlusTreeCache,10000,8,1731660628096,16.90,2215.13,8000,2,6,25.10,11
BPlusTreeCache,10000,9,1731660628109,24.90,2901.08,9000,2,6,33.10,13
BPlusTreeCache,10000,10,1731660628128,11.64,1221.04,10000,3,12,20.31,18
SkipList,10000,1,1731660629250,7.31,7669.62,1000,2,2,24.48,93
SkipList,10000,2,1731660629338,57.07,29923.30,2000,3,5,73.10,87
SkipList,10000,3,1731660629449,143.08,50008.73,3000,3,5,161.10,110
SkipList,10000,4,1731660629549,67.20,17615.99,4000,4,7,83.22,99
SkipList,10000,5,1731660629632,163.20,34225.45,5000,4,7,179.22,83
SkipList,10000,6,1731660629715,91.32,15959.06,6000,5,10,109.34,82
SkipList,10000,7,1731660629801,25.37,3800.06,7000,6,13,43.39,86
SkipList,10000,8,1731660629883,125.37,16432.25,8000,6,13,143.39,81
SkipList,10000,9,1731660629969,59.53,6936.06,9000,7,17,77.55,86
SkipList,10000,10,1731660630061,161.53,16937.72,10000,7,17,177.55,91
SkipHash,10000,1,1731660631185,65.59,68778.99,1000,0,0,93.94,96
SkipHash,10000,2,1731660631277,62.60,32818.92,2000,1,1,92.13,91
SkipHash,10000,3,1731660631353,12.15,4247.85,3000,2,3,41.69,76
SkipHash,10000,4,1731660631431,98.15,25729.76,4000,2,3,125.69,77
SkipHash,10000,5,1731660631508,55.86,11715.21,5000,3,6,83.40,76
SkipHash,10000,6,1731660631586,17.76,3103.31,6000,4,9,45.29,77
SkipHash,10000,7,1731660631660,105.76,15842.08,7000,4,9,133.29,74
SkipHash,10000,8,1731660631736,69.66,9130.42,8000,5,13,99.19,75
SkipHash,10000,9,1731660631818,37.57,4377.28,9000,6,18,65.10,82
SkipHash,10000,10,1731660631898,127.57,13376.94,10000,6,18,157.10,78
HashMap,10000,1,1731660632933,8.00,8390.66,1000,0,0,49.01,8
HashMap,10000,2,1731660632940,16.00,8389.63,2000,0,0,57.01,6
HashMap,10000,3,1731660632946,24.00,8389.33,3000,0,0,65.01,5
HashMap,10000,4,1731660632952,32.00,8389.12,4000,0,0,73.01,6
HashMap,10000,5,1731660632959,40.00,8389.02,5000,0,0,81.01,6
HashMap,10000,6,1731660632966,48.00,8388.96,6000,0,0,89.01,7
HashMap,10000,7,1731660632973,56.00,8388.90,7000,0,0,97.01,7
HashMap,10000,8,1731660632978,64.00,8388.86,8000,0,0,105.01,5
HashMap,10000,9,1731660632984,72.00,8388.84,9000,0,0,113.01,5
HashMap,10000,10,1731660632992,80.00,8388.81,10000,0,0,121.01,7
BPlusTree,100000,1,1731660636150,76.00,7969.38,10000,0,0,120.10,94
BPlusTree,100000,2,1731660636255,66.31,3476.56,20000,1,6,109.53,104
BPlusTree,100000,3,1731660636366,81.17,2837.11,30000,2,15,125.96,110
BPlusTree,100000,4,1731660636484,58.34,1529.37,40000,4,31,102.49,118
BPlusTree,100000,5,1731660636627,95.22,1996.91,50000,5,40,137.29,142
BPlusTree,100000,6,1731660636761,173.22,3027.27,60000,5,40,217.29,134
BPlusTree,100000,7,1731660636890,128.46,1924.32,70000,6,53,172.53,129
BPlusTree,100000,8,1731660637019,100.91,1322.59,80000,7,68,142.97,129
BPlusTree,100000,9,1731660637133,176.91,2061.10,90000,7,68,218.97,113
BPlusTree,100000,10,1731660637261,161.06,1688.86,100000,8,82,203.29,128
BPlusTreeCache,100000,1,1731660638431,76.00,7969.38,10000,0,0,200.45,94
BPlusTreeCache,100000,2,1731660638534,60.54,3173.98,20000,1,5,183.17,103
BPlusTreeCache,100000,3,1731660638643,52.43,1832.60,30000,2,13,174.88,109
BPlusTreeCache,100000,4,1731660638762,57.67,1511.74,40000,3,21,182.11,118
BPlusTreeCache,100000,5,1731660638897,135.67,2845.13,50000,3,21,258.11,134
BPlusTreeCache,100000,6,1731660639023,211.67,3699.14,60000,3,21,334.11,126
BPlusTreeCache,100000,7,1731660639158,289.67,4339.13,70000,3,21,414.11,135
BPlusTreeCache,100000,8,1731660639314,77.75,1019.06,80000,4,41,202.19,154
BPlusTreeCache,100000,9,1731660639424,155.75,1814.57,90000,4,41,278.19,110
BPlusTreeCache,100000,10,1731660639534,233.75,2451.03,100000,4,41,358.19,110
SkipList,100000,1,1731660641403,55.51,5820.85,10000,3,9,257.44,776
SkipList,100000,2,1731660642380,193.60,10150.44,20000,6,28,395.53,977
SkipList,100000,3,1731660643488,658.77,23025.65,30000,7,37,858.70,1107
SkipList,100000,4,1731660644537,480.00,12582.96,40000,9,62,681.93,1049
SkipList,100000,5,1731660645600,343.77,7209.38,50000,11,95,543.70,1062
SkipList,100000,6,1731660646758,240.08,4195.74,60000,13,134,440.01,1158
SkipList,100000,7,1731660647888,697.15,10443.07,70000,14,153,899.08,1130
SkipList,100000,8,1731660649077,368.03,4823.81,80000,16,200,569.95,1189
SkipList,100000,9,1731660650401,877.06,10218.51,90000,17,223,1078.99,1323
SkipList,100000,10,1731660651824,394.88,4140.67,100000,19,272,596.81,1423
SkipHash,100000,1,1731660653671,217.31,22786.53,10000,1,5,514.03,716
SkipHash,100000,2,1731660654443,541.68,28399.56,20000,2,12,836.40,772
SkipHash,100000,3,1731660655290,353.35,12350.39,30000,4,32,650.07,847
SkipHash,100000,4,1731660656463,255.52,6698.40,40000,6,61,552.24,1172
SkipHash,100000,5,1731660657612,776.60,16286.42,50000,7,79,1071.32,1149
SkipHash,100000,6,1731660658713,660.57,11544.36,60000,8,100,955.29,1100
SkipHash,100000,7,1731660659702,581.99,8717.95,70000,9,122,876.71,989
SkipHash,100000,8,1731660660685,530.19,6949.30,80000,10,148,826.91,983
SkipHash,100000,9,1731660661678,497.92,5801.24,90000,11,176,792.64,993
SkipHash,100000,10,1731660662729,481.82,5052.20,100000,12,210,778.53,1050
HashMap,100000,1,1731660663940,80.00,8388.81,10000,0,0,475.98,51
HashMap,100000,2,1731660663990,160.00,8388.71,20000,0,0,555.98,50
HashMap,100000,3,1731660664043,240.00,8388.68,30000,0,0,635.98,53
HashMap,100000,4,1731660664095,320.00,8388.66,40000,0,0,715.98,52
HashMap,100000,5,1731660664156,402.00,8430.55,50000,0,0,795.98,60
HashMap,100000,6,1731660664211,482.00,8423.56,60000,0,0,875.98,55
HashMap,100000,7,1731660664271,562.00,8418.57,70000,0,0,955.98,59
HashMap,100000,8,1731660664329,642.00,8414.82,80000,0,0,1035.98,57
HashMap,100000,9,1731660664382,722.00,8411.91,90000,0,0,1115.98,53
HashMap,100000,10,1731660664456,804.00,8430.57,100000,0,0,1195.98,74
BPlusTree,1000000,1,1731660667936,76.00,7969.38,10000,0,0,506.32,91
BPlusTree,1000000,2,1731660668038,154.00,8074.04,20000,0,0,582.32,102
BPlusTree,1000000,3,1731660668156,230.00,8039.08,30000,0,0,658.32,118
BPlusTree,1000000,4,1731660668276,308.00,8074.09,40000,0,0,738.32,119
BPlusTree,1000000,5,1731660668396,386.00,8095.01,50000,0,0,814.32,120
BPlusTree,1000000,6,1731660668515,462.00,8074.04,60000,0,0,890.32,118
BPlusTree,1000000,7,1731660668638,540.00,8089.04,70000,0,0,970.32,123
BPlusTree,1000000,8,1731660668764,616.00,8074.06,80000,0,0,1046.32,126
BPlusTree,1000000,9,1731660668906,694.00,8085.69,90000,0,0,1122.32,141
BPlusTree,1000000,10,1731660669068,100.00,1048.60,100000,1,36,530.32,162
BPlusTree,1000000,11,1731660669173,176.00,1677.74,110000,1,36,606.32,103
BPlusTree,1000000,12,1731660669283,254.00,2219.49,120000,1,36,682.32,110
BPlusTree,1000000,13,1731660669399,330.00,2661.77,130000,1,36,758.32,115
BPlusTree,1000000,14,1731660669515,408.00,3055.86,140000,1,36,838.32,115
BPlusTree,1000000,15,1731660669633,484.00,3383.42,150000,1,36,914.32,118
BPlusTree,1000000,16,1731660669748,562.00,3683.12,160000,1,36,990.32,115
BPlusTree,1000000,17,1731660669871,640.00,3947.59,170000,1,36,1070.32,123
BPlusTree,1000000,18,1731660670036,194.39,1132.40,180000,2,84,624.70,164
BPlusTree,1000000,19,1731660670145,272.39,1503.26,190000,2,84,700.70,109
BPlusTree,1000000,20,1731660670263,352.39,1847.53,200000,2,84,780.70,117
BPlusTree,1000000,21,1731660670372,430.39,2149.03,210000,2,84,860.70,109
BPlusTree,1000000,22,1731660670495,508.39,2423.11,220000,2,84,936.70,123
BPlusTree,1000000,23,1731660670637,584.39,2664.24,230000,2,84,1012.70,141
BPlusTree,1000000,24,1731660670785,662.39,2894.02,240000,2,84,1092.70,147
BPlusTree,1000000,25,1731660670986,303.54,1273.12,250000,3,135,731.85,201
BPlusTree,1000000,26,1731660671123,379.54,1530.66,260000,3,135,807.85,136
BPlusTree,1000000,27,1731660671245,457.54,1776.90,270000,3,135,887.85,122
BPlusTree,1000000,28,1731660671375,533.54,1998.05,280000,3,135,963.85,130
BPlusTree,1000000,29,1731660671503,611.54,2211.18,290000,3,135,1039.85,127
BPlusTree,1000000,30,1731660671671,319.39,1116.34,300000,4,179,747.70,167
BPlusTree,1000000,31,1731660671797,397.39,1344.17,310000,4,179,827.70,126
BPlusTree,1000000,32,1731660671920,473.39,1551.20,320000,4,179,903.70,122
BPlusTree,1000000,33,1731660672042,551.39,1752.03,330000,4,179,979.70,121
BPlusTree,1000000,34,1731660672161,629.39,1941.06,340000,4,179,1059.70,119
BPlusTree,1000000,35,1731660672359,390.66,1170.40,350000,5,224,820.98,198
BPlusTree,1000000,36,1731660672551,468.66,1365.08,360000,5,224,896.98,191
BPlusTree,1000000,37,1731660672727,544.66,1543.57,370000,5,224,972.98,175
BPlusTree,1000000,38,1731660672878,624.66,1723.70,380000,5,224,1052.98,151
BPlusTree,1000000,39,1731660673024,700.66,1883.84,390000,5,224,1128.98,146
BPlusTree,1000000,40,1731660673180,784.66,2056.94,400000,5,224,1212.98,155
BPlusTree,1000000,41,1731660673326,862.66,2206.26,410000,5,224,1292.98,146
BPlusTree,1000000,42,1731660673481,938.66,2343.48,420000,5,224,1368.98,154
BPlusTree,1000000,43,1731660673632,1016.66,2479.18,430000,5,224,1444.98,150
BPlusTree,1000000,44,1731660673763,1092.66,2603.95,440000,5,224,1520.98,130
BPlusTree,1000000,45,1731660673994,551.69,1285.53,450000,7,321,982.00,229
BPlusTree,1000000,46,1731660674120,627.69,1430.83,460000,7,321,1058.00,126
BPlusTree,1000000,47,1731660674252,705.69,1574.40,470000,7,321,1134.00,130
BPlusTree,1000000,48,1731660674387,781.69,1707.62,480000,7,321,1210.00,135
BPlusTree,1000000,49,1731660674527,859.69,1839.69,490000,7,321,1290.00,139
BPlusTree,1000000,50,1731660674660,935.69,1962.28,500000,7,321,1366.00,133
BPlusTree,1000000,51,1731660674802,1013.69,2084.17,510000,7,321,1442.00,141
BPlusTree,1000000,52,1731660674938,1091.69,2201.38,520000,7,321,1522.00,135
BPlusTree,1000000,53,1731660675141,621.55,1229.70,530000,8,368,1051.86,203
BPlusTree,1000000,54,1731660675316,699.55,1358.39,540000,8,368,1127.86,175
BPlusTree,1000000,55,1731660675494,775.55,1478.58,550000,8,368,1203.86,178
BPlusTree,1000000,56,1731660675695,849.55,1590.75,560000,8,368,1279.86,200
BPlusTree,1000000,57,1731660675835,927.55,1706.32,570000,8,368,1355.86,140
BPlusTree,1000000,58,1731660675970,1005.55,1817.92,580000,8,368,1435.86,134
BPlusTree,1000000,59,1731660676104,1081.55,1922.18,590000,8,368,1511.86,134
BPlusTree,1000000,60,1731660676340,673.80,1177.54,600000,10,464,1102.11,236
BPlusTree,1000000,61,1731660676474,749.80,1288.88,610000,10,464,1178.11,133
BPlusTree,1000000,62,1731660676608,825.80,1396.63,620000,10,464,1254.11,133
BPlusTree,1000000,63,1731660676743,903.80,1504.29,630000,10,464,1334.11,135
BPlusTree,1000000,64,1731660676886,979.80,1605.30,640000,10,464,1410.11,142
BPlusTree,1000000,65,1731660677024,1057.80,1706.43,650000,10,464,1486.11,138
BPlusTree,1000000,66,1731660677162,1133.80,1801.32,660000,10,464,1562.11,138
BPlusTree,1000000,67,1731660677300,1209.80,1893.38,670000,10,464,1638.11,137
BPlusTree,1000000,68,1731660677562,803.83,1239.52,680000,11,512,1234.14,262
BPlusTree,1000000,69,1731660677772,879.83,1337.05,690000,11,512,1310.14,208
BPlusTree,1000000,70,1731660677982,957.83,1434.79,700000,11,512,1386.14,209
BPlusTree,1000000,71,1731660678166,1033.83,1526.82,710000,11,512,1462.14,183
BPlusTree,1000000,72,1731660678333,1111.83,1619.22,720000,11,512,1542.14,166
BPlusTree,1000000,73,1731660678504,1189.83,1709.07,730000,11,512,1618.14,171
BPlusTree,1000000,74,1731660678676,1265.83,1793.67,740000,11,512,1694.14,171
BPlusTree,1000000,75,1731660678844,1343.83,1878.81,750000,11,512,1774.14,168
BPlusTree,1000000,76,1731660679010,1421.83,1961.70,760000,11,512,1850.14,166
BPlusTree,1000000,77,1731660679178,1497.83,2039.72,770000,11,512,1926.14,167
BPlusTree,1000000,78,1731660679348,1575.83,2118.43,780000,11,512,2006.14,170
BPlusTree,1000000,79,1731660679564,1663.83,2208.42,790000,11,512,2094.14,216
BPlusTree,1000000,80,1731660679739,1741.83,2283.05,800000,11,512,2170.14,174
BPlusTree,1000000,81,1731660679924,1817.83,2353.24,810000,11,512,2246.14,185
BPlusTree,1000000,82,1731660680106,1893.83,2421.73,820000,11,512,2322.14,181
BPlusTree,1000000,83,1731660680283,1971.83,2491.10,830000,11,512,2402.14,177
BPlusTree,1000000,84,1731660680461,2049.83,2558.81,840000,11,512,2478.14,177
BPlusTree,1000000,85,1731660680649,2129.83,2627.39,850000,11,512,2558.14,188
BPlusTree,1000000,86,1731660680840,2205.83,2689.51,860000,11,512,2634.14,190
BPlusTree,1000000,87,1731660681027,2283.83,2752.60,870000,11,512,2714.14,187
BPlusTree,1000000,88,1731660681206,2359.83,2811.88,880000,11,512,2790.14,178
BPlusTree,1000000,89,1731660681619,999.34,1177.40,890000,13,748,1427.66,413
BPlusTree,1000000,90,1731660681765,1075.34,1252.86,900000,13,748,1503.66,146
BPlusTree,1000000,91,1731660681941,1151.34,1326.67,910000,13,748,1579.66,175
BPlusTree,1000000,92,1731660682079,1229.34,1401.15,920000,13,748,1659.66,138
BPlusTree,1000000,93,1731660682218,1305.34,1471.78,930000,13,748,1735.66,138
BPlusTree,1000000,94,1731660682356,1381.34,1540.90,940000,13,748,1811.66,138
BPlusTree,1000000,95,1731660682503,1459.34,1610.77,950000,13,748,1887.66,145
BPlusTree,1000000,96,1731660682648,1535.34,1677.00,960000,13,748,1963.66,144
BPlusTree,1000000,97,1731660682792,1611.34,1741.87,970000,13,748,2039.66,144
BPlusTree,1000000,98,1731660682940,1689.34,1807.56,980000,13,748,2119.66,147
BPlusTree,1000000,99,1731660683091,1765.34,1869.80,990000,13,748,2195.66,151
BPlusTree,1000000,100,1731660683241,1841.34,1930.79,1000000,13,748,2271.66,149
BPlusTreeCache,1000000,1,1731660685089,76.00,7969.38,10000,0,0,1303.65,91
BPlusTreeCache,1000000,2,1731660685201,154.00,8074.04,20000,0,0,1379.65,111
BPlusTreeCache,1000000,3,1731660685332,230.00,8039.08,30000,0,0,1455.65,130
BPlusTreeCache,1000000,4,1731660685462,308.00,8074.09,40000,0,0,1535.65,130
BPlusTreeCache,1000000,5,1731660685615,386.00,8095.01,50000,0,0,1611.65,152
BPlusTreeCache,1000000,6,1731660685739,462.00,8074.04,60000,0,0,1687.65,124
BPlusTreeCache,1000000,7,1731660685876,540.00,8089.04,70000,0,0,1767.65,136
BPlusTreeCache,1000000,8,1731660686000,616.00,8074.06,80000,0,0,1843.65,124
BPlusTreeCache,1000000,9,1731660686122,694.00,8085.69,90000,0,0,1919.65,122
BPlusTreeCache,1000000,10,1731660686252,772.00,8095.03,100000,0,0,1999.65,130
BPlusTreeCache,1000000,11,1731660686378,848.00,8083.59,110000,0,0,2075.65,125
BPlusTreeCache,1000000,12,1731660686507,926.00,8091.51,120000,0,0,2151.65,128
BPlusTreeCache,1000000,13,1731660686636,1002.00,8082.10,130000,0,0,2227.65,128
BPlusTreeCache,1000000,14,1731660686771,1080.00,8089.03,140000,0,0,2307.65,135
BPlusTreeCache,1000000,15,1731660686910,1156.00,8081.04,150000,0,0,2383.65,138
BPlusTreeCache,1000000,16,1731660687044,1234.00,8087.14,160000,0,0,2459.65,134
BPlusTreeCache,1000000,17,1731660687171,1312.00,8092.55,170000,0,0,2539.65,127
BPlusTreeCache,1000000,18,1731660687303,1388.00,8085.70,180000,0,0,2615.65,131
BPlusTreeCache,1000000,19,1731660687434,1466.00,8090.59,190000,0,0,2691.65,131
BPlusTreeCache,1000000,20,1731660687568,1544.00,8095.02,200000,0,0,2771.65,134
BPlusTreeCache,1000000,21,1731660687732,1620.00,8089.02,210000,0,0,2847.65,163
BPlusTreeCache,1000000,22,1731660687895,1698.00,8093.10,220000,0,0,2923.65,162
BPlusTreeCache,1000000,23,1731660688051,1774.00,8087.71,230000,0,0,2999.65,155
BPlusTreeCache,1000000,24,1731660688255,288.00,1258.30,240000,1,94,1515.65,204
BPlusTreeCache,1000000,25,1731660688368,364.00,1526.73,250000,1,94,1591.65,112
BPlusTreeCache,1000000,26,1731660688479,442.00,1782.58,260000,1,94,1667.65,110
BPlusTreeCache,1000000,27,1731660688588,520.00,2019.49,270000,1,94,1747.65,109
BPlusTreeCache,1000000,28,1731660688708,596.00,2231.98,280000,1,94,1823.65,120
BPlusTreeCache,1000000,29,1731660688824,674.00,2437.04,290000,1,94,1899.65,115
BPlusTreeCache,1000000,30,1731660688960,750.00,2621.44,300000,1,94,1975.65,136
BPlusTreeCache,1000000,31,1731660689087,828.00,2800.72,310000,1,94,2055.65,127
BPlusTreeCache,1000000,32,1731660689212,904.00,2962.23,320000,1,94,2131.65,125
BPlusTreeCache,1000000,33,1731660689358,982.00,3120.31,330000,1,94,2207.65,146
BPlusTreeCache,1000000,34,1731660689495,1058.00,3262.92,340000,1,94,2283.65,136
BPlusTreeCache,1000000,35,1731660689621,1136.00,3403.38,350000,1,94,2363.65,126
BPlusTreeCache,1000000,36,1731660689750,1214.00,3536.03,360000,1,94,2439.65,128
BPlusTreeCache,1000000,37,1731660689880,1290.00,3655.85,370000,1,94,2515.65,130
BPlusTreeCache,1000000,38,1731660690016,1368.00,3774.88,380000,1,94,2595.65,135
BPlusTreeCache,1000000,39,1731660690145,1446.00,3887.80,390000,1,94,2671.65,128
BPlusTreeCache,1000000,40,1731660690288,1522.00,3989.83,400000,1,94,2747.65,143
BPlusTreeCache,1000000,41,1731660690428,1600.00,4092.01,410000,1,94,2827.65,140
BPlusTreeCache,1000000,42,1731660690564,1676.00,4184.32,420000,1,94,2903.65,135
BPlusTreeCache,1000000,43,1731660690699,1754.00,4277.21,430000,1,94,2979.65,135
BPlusTreeCache,1000000,44,1731660690838,1830.00,4361.12,440000,1,94,3055.65,138
BPlusTreeCache,1000000,45,1731660691114,439.86,1024.94,450000,2,232,1667.51,276
BPlusTreeCache,1000000,46,1731660691243,515.86,1175.90,460000,2,232,1743.51,128
BPlusTreeCache,1000000,47,1731660691368,593.85,1324.90,470000,2,232,1819.51,125
BPlusTreeCache,1000000,48,1731660691485,669.85,1463.32,480000,2,232,1895.51,117
BPlusTreeCache,1000000,49,1731660691604,747.86,1600.38,490000,2,232,1975.51,119
BPlusTreeCache,1000000,50,1731660691728,823.86,1727.75,500000,2,232,2051.51,123
BPlusTreeCache,1000000,51,1731660691852,901.85,1854.24,510000,2,232,2127.51,124
BPlusTreeCache,1000000,52,1731660691985,979.86,1975.87,520000,2,232,2207.51,130
BPlusTreeCache,1000000,53,1731660692108,1055.86,2088.96,530000,2,232,2283.51,123
BPlusTreeCache,1000000,54,1731660692236,1131.86,2197.85,540000,2,232,2359.51,127
BPlusTreeCache,1000000,55,1731660692364,1209.85,2306.59,550000,2,232,2435.51,127
BPlusTreeCache,1000000,56,1731660692495,1287.86,2411.46,560000,2,232,2515.51,131
BPlusTreeCache,1000000,57,1731660692638,1365.85,2512.64,570000,2,232,2591.51,142
BPlusTreeCache,1000000,58,1731660692774,1443.86,2610.33,580000,2,232,2671.51,135
BPlusTreeCache,1000000,59,1731660692909,1519.86,2701.16,590000,2,232,2747.51,135
BPlusTreeCache,1000000,60,1731660693043,1595.86,2788.96,600000,2,232,2823.51,133
BPlusTreeCache,1000000,61,1731660693178,1673.85,2877.32,610000,2,232,2899.51,135
BPlusTreeCache,1000000,62,1731660693309,1749.85,2959.45,620000,2,232,2975.51,131
BPlusTreeCache,1000000,63,1731660693445,1827.86,3042.30,630000,2,232,3055.51,136
BPlusTreeCache,1000000,64,1731660693580,1903.86,3119.28,640000,2,232,3131.51,134
BPlusTreeCache,1000000,65,1731660693724,1979.86,3193.89,650000,2,232,3207.51,144
BPlusTreeCache,1000000,66,1731660693996,696.00,1105.77,660000,3,367,1921.65,271
BPlusTreeCache,1000000,67,1731660694119,772.00,1208.21,670000,3,367,1997.65,123
BPlusTreeCache,1000000,68,1731660694244,850.00,1310.72,680000,3,367,2077.65,125
BPlusTreeCache,1000000,69,1731660694371,926.00,1407.22,690000,3,367,2153.65,127
BPlusTreeCache,1000000,70,1731660694498,1004.00,1503.96,700000,3,367,2229.65,126
BPlusTreeCache,1000000,71,1731660694624,1080.00,1595.02,710000,3,367,2305.65,125
BPlusTreeCache,1000000,72,1731660694762,1158.00,1686.46,720000,3,367,2385.65,138
BPlusTreeCache,1000000,73,1731660694894,1234.00,1772.53,730000,3,367,2461.65,132
BPlusTreeCache,1000000,74,1731660695032,1312.00,1859.10,740000,3,367,2537.65,137
BPlusTreeCache,1000000,75,1731660695164,1390.00,1943.36,750000,3,367,2617.65,131
BPlusTreeCache,1000000,76,1731660695299,1466.00,2022.65,760000,3,367,2693.65,135
BPlusTreeCache,1000000,77,1731660695433,1544.00,2102.60,770000,3,367,2769.65,133
BPlusTreeCache,1000000,78,1731660695568,1622.00,2180.50,780000,3,367,2849.65,135
BPlusTreeCache,1000000,79,1731660695705,1698.00,2253.78,790000,3,367,2925.65,137
BPlusTreeCache,1000000,80,1731660695843,1774.00,2325.22,800000,3,367,3001.65,136
BPlusTreeCache,1000000,81,1731660695996,1852.00,2397.48,810000,3,367,3077.65,152
BPlusTreeCache,1000000,82,1731660696142,1928.00,2465.43,820000,3,367,3153.65,146
BPlusTreeCache,1000000,83,1731660696280,2006.00,2534.27,830000,3,367,3233.65,137
BPlusTreeCache,1000000,84,1731660696573,844.00,1053.57,840000,4,511,2069.65,293
BPlusTreeCache,1000000,85,1731660696705,924.00,1139.86,850000,4,511,2149.65,132
BPlusTreeCache,1000000,86,1731660696859,1000.00,1219.27,860000,4,511,2225.65,153
BPlusTreeCache,1000000,87,1731660697008,1078.00,1299.27,870000,4,511,2305.65,149
BPlusTreeCache,1000000,88,1731660697157,1154.00,1375.07,880000,4,511,2381.65,148
BPlusTreeCache,1000000,89,1731660697293,1230.00,1449.16,890000,4,511,2457.65,135
BPlusTreeCache,1000000,90,1731660697422,1308.00,1523.93,900000,4,511,2533.65,129
BPlusTreeCache,1000000,91,1731660697553,1384.00,1594.76,910000,4,511,2609.65,131
BPlusTreeCache,1000000,92,1731660697690,1460.00,1664.04,920000,4,511,2685.65,136
BPlusTreeCache,1000000,93,1731660697822,1538.00,1734.10,930000,4,511,2765.65,132
BPlusTreeCache,1000000,94,1731660697960,1614.00,1800.43,940000,4,511,2841.65,137
BPlusTreeCache,1000000,95,1731660698095,1690.00,1865.36,950000,4,511,2917.65,135
BPlusTreeCache,1000000,96,1731660698235,1768.00,1931.13,960000,4,511,2993.65,139
BPlusTreeCache,1000000,97,1731660698369,1844.00,1993.38,970000,4,511,3069.65,133
BPlusTreeCache,1000000,98,1731660698518,1922.00,2056.50,980000,4,511,3149.65,148
BPlusTreeCache,1000000,99,1731660698657,1998.00,2116.22,990000,4,511,3225.65,139
BPlusTreeCache,1000000,100,1731660698799,2074.00,2174.75,1000000,4,511,3301.65,141
SkipList,1000000,1,1731660701430,930.00,97517.57,10000,0,0,2926.02,820
SkipList,1000000,2,1731660702415,714.00,37434.27,20000,1,9,2712.02,984
SkipList,1000000,3,1731660703441,518.44,18120.69,30000,2,21,2516.46,1025
SkipList,1000000,4,1731660704503,329.46,8636.59,40000,3,37,2327.48,1062
SkipList,1000000,5,1731660705564,124.80,2617.33,50000,4,58,2122.83,1060
SkipList,1000000,6,1731660706607,1360.80,23781.77,60000,4,58,3358.83,1043
SkipList,1000000,7,1731660707735,1183.01,17721.16,70000,5,85,3179.04,1127
SkipList,1000000,8,1731660708888,1011.26,13254.82,80000,6,116,3007.29,1152
SkipList,1000000,9,1731660710027,833.03,9705.53,90000,7,149,2829.06,1138
SkipList,1000000,10,1731660711206,639.77,6708.47,100000,8,188,2639.79,1178
SkipList,1000000,11,1731660712418,479.23,4568.27,110000,9,231,2477.25,1212
SkipList,1000000,12,1731660713748,331.80,2899.35,120000,10,273,2329.83,1329
SkipList,1000000,13,1731660715046,201.83,1627.99,130000,11,318,2197.86,1297
SkipList,1000000,14,1731660716292,1539.84,11533.11,140000,11,318,3537.86,1246
SkipList,1000000,15,1731660717562,1425.81,9967.16,150000,12,359,3421.84,1269
SkipList,1000000,16,1731660719292,1336.00,8755.61,160000,13,405,3332.02,1729
SkipList,1000000,17,1731660720657,1258.05,7759.79,170000,14,451,3256.07,1364
SkipList,1000000,18,1731660721949,1195.82,6966.14,180000,15,498,3191.84,1291
SkipList,1000000,19,1731660723278,1150.03,6346.82,190000,16,546,3148.05,1329
SkipList,1000000,20,1731660725169,1113.95,5840.32,200000,17,595,3109.98,1890
SkipList,1000000,21,1731660726566,1107.24,5528.71,210000,18,646,3103.27,1396
SkipList,1000000,22,1731660727896,1099.17,5238.91,220000,19,692,3095.19,1329
SkipList,1000000,23,1731660729203,1117.88,5096.46,230000,20,743,3113.91,1307
SkipList,1000000,24,1731660730533,1147.03,5011.46,240000,21,793,3143.06,1329
SkipList,1000000,25,1731660731951,1200.09,5033.55,250000,22,846,3196.11,1417
SkipList,1000000,26,1731660733310,1265.08,5102.03,260000,23,899,3263.10,1358
SkipList,1000000,27,1731660734651,1343.76,5218.65,270000,24,951,3339.79,1341
SkipList,1000000,28,1731660736029,1437.98,5385.12,280000,25,1005,3436.00,1378
SkipList,1000000,29,1731660737483,1554.23,5619.75,290000,26,1060,3550.25,1453
SkipList,1000000,30,1731660738963,428.90,1499.11,300000,28,1168,2426.92,1479
SkipList,1000000,31,1731660740791,604.90,2046.07,310000,29,1269,2602.92,1828
SkipList,1000000,32,1731660742444,796.61,2610.35,320000,30,1327,2794.64,1652
SkipList,1000000,33,1731660743846,1004.22,3190.91,330000,31,1379,3002.24,1402
SkipList,1000000,34,1731660745297,1222.00,3768.71,340000,32,1434,3218.02,1451
SkipList,1000000,35,1731660746754,1443.41,4324.36,350000,33,1489,3441.43,1457
SkipList,1000000,36,1731660748289,469.99,1368.96,360000,35,1606,2468.02,1535
SkipList,1000000,37,1731660749696,735.11,2083.29,370000,36,1659,2731.13,1405
SkipList,1000000,38,1731660751099,1010.52,2788.44,380000,37,1713,3008.54,1402
SkipList,1000000,39,1731660752536,1295.35,3482.74,390000,38,1765,3293.37,1437
SkipList,1000000,40,1731660753945,1582.03,4147.19,400000,39,1818,3578.05,1409
SkipList,1000000,41,1731660755402,729.06,1864.57,410000,41,1926,2725.08,1456
SkipList,1000000,42,1731660756819,1041.14,2599.32,420000,42,1979,3037.16,1417
SkipList,1000000,43,1731660758240,1369.00,3338.37,430000,43,2031,3365.02,1420
SkipList,1000000,44,1731660759727,583.51,1390.58,440000,45,2137,2581.53,1487
SkipList,1000000,45,1731660761132,933.46,2175.12,450000,46,2191,2931.48,1404
SkipList,1000000,46,1731660762562,1294.63,2951.13,460000,47,2244,3290.66,1430
SkipList,1000000,47,1731660764052,586.68,1308.88,470000,49,2352,2584.70,1489
SkipList,1000000,48,1731660765504,978.18,2136.86,480000,50,2405,2974.20,1452
SkipList,1000000,49,1731660766951,1380.79,2954.81,490000,51,2457,3378.81,1447
SkipList,1000000,50,1731660768443,736.00,1543.51,500000,53,2561,2734.02,1491
SkipList,1000000,51,1731660769869,1170.16,2405.89,510000,54,2612,3166.18,1425
SkipList,1000000,52,1731660771373,1615.48,3257.61,520000,55,2668,3611.51,1503
SkipList,1000000,53,1731660772911,1037.72,2053.07,530000,57,2773,3033.74,1538
SkipList,1000000,54,1731660774359,1511.09,2934.24,540000,58,2826,3509.11,1447
SkipList,1000000,55,1731660775896,999.43,1905.41,550000,60,2929,2997.45,1537
SkipList,1000000,56,1731660777421,1496.16,2801.50,560000,61,2981,3494.19,1524
SkipList,1000000,57,1731660778945,1030.96,1896.56,570000,63,3084,3028.98,1524
SkipList,1000000,58,1731660780416,1561.41,2822.86,580000,64,3136,3557.43,1470
SkipList,1000000,59,1731660781971,1143.08,2031.54,590000,66,3239,3141.10,1554
SkipList,1000000,60,1731660783537,759.19,1326.78,600000,68,3341,2755.22,1566
SkipList,1000000,61,1731660785083,1328.38,2283.46,610000,69,3391,3326.40,1545
SkipList,1000000,62,1731660786662,985.40,1666.56,620000,71,3497,2981.42,1578
SkipList,1000000,63,1731660788211,1579.62,2629.13,630000,72,3550,3575.64,1549
SkipList,1000000,64,1731660789727,1277.73,2093.43,640000,74,3648,3275.75,1515
SkipList,1000000,65,1731660791246,1010.97,1630.90,650000,76,3751,3007.00,1519
SkipList,1000000,66,1731660792775,1643.42,2610.98,660000,77,3803,3641.44,1528
SkipList,1000000,67,1731660794357,1408.04,2203.63,670000,79,3907,3406.06,1582
SkipList,1000000,68,1731660795897,1214.20,1872.32,680000,81,4009,3210.22,1539
SkipList,1000000,69,1731660797513,1042.95,1584.95,690000,83,4110,3038.98,1615
SkipList,1000000,70,1731660799063,905.20,1355.97,700000,85,4212,2901.23,1549
SkipList,1000000,71,1731660800550,1610.80,2378.94,710000,86,4262,3606.82,1486
SkipList,1000000,72,1731660802101,1500.73,2185.60,720000,88,4355,3498.76,1551
SkipList,1000000,73,1731660803646,1421.46,2041.79,730000,90,4453,3419.48,1545
SkipList,1000000,74,1731660805216,1367.07,1937.13,740000,92,4551,3365.09,1569
SkipList,1000000,75,1731660806768,1341.32,1875.31,750000,94,4646,3337.35,1552
SkipList,1000000,76,1731660808329,1332.68,1838.70,760000,96,4745,3328.70,1560
SkipList,1000000,77,1731660809897,1356.86,1847.75,770000,98,4840,3354.88,1568
SkipList,1000000,78,1731660811451,1391.24,1870.28,780000,100,4932,3389.26,1553
SkipList,1000000,79,1731660813030,1456.08,1932.68,790000,102,5024,3452.11,1578
SkipList,1000000,80,1731660814588,1528.94,2004.02,800000,104,5118,3524.97,1558
SkipList,1000000,81,1731660816196,1625.18,2103.85,810000,106,5207,3623.20,1608
SkipList,1000000,82,1731660817868,1050.87,1343.81,820000,109,5344,3046.90,1671
SkipList,1000000,83,1731660819488,1201.87,1518.38,830000,111,5434,3197.89,1620
SkipList,1000000,84,1731660821093,1369.28,1709.28,840000,113,5521,3365.31,1604
SkipList,1000000,85,1731660822738,1563.38,1928.61,850000,115,5612,3559.40,1645
SkipList,1000000,86,1731660824393,1123.29,1369.60,860000,118,5746,3119.32,1653
SkipList,1000000,87,1731660825993,1371.11,1652.55,870000,120,5830,3369.14,1600
SkipList,1000000,88,1731660827589,1653.81,1970.62,880000,122,5914,3651.83,1596
SkipList,1000000,89,1731660829191,1338.84,1577.38,890000,125,6035,3334.86,1601
SkipList,1000000,90,1731660830781,1670.69,1946.50,900000,127,6114,3668.71,1589
SkipList,1000000,91,1731660832412,1423.93,1640.77,910000,130,6232,3421.95,1631
SkipList,1000000,92,1731660834027,1212.64,1382.11,920000,133,6348,3208.66,1613
SkipList,1000000,93,1731660835590,1614.13,1819.93,930000,135,6424,3610.15,1563
SkipList,1000000,94,1731660837201,1473.88,1644.12,940000,138,6535,3469.90,1610
SkipList,1000000,95,1731660838830,1374.85,1517.52,950000,141,6646,3370.88,1628
SkipList,1000000,96,1731660840429,1297.95,1417.71,960000,144,6752,3295.97,1598
SkipList,1000000,97,1731660842029,1258.51,1360.46,970000,147,6859,3256.53,1599
SkipList,1000000,98,1731660843724,1267.64,1356.35,980000,150,6968,3265.66,1695
SkipList,1000000,99,1731660845336,1292.78,1369.27,990000,153,7070,3288.80,1612
SkipList,1000000,100,1731660846959,1358.67,1424.67,1000000,156,7172,3356.70,1622
SkipHash,1000000,1,1731660850326,852.00,89338.88,10000,0,0,3798.09,1048
SkipHash,1000000,2,1731660851226,352.18,18464.39,20000,1,10,3296.27,899
SkipHash,1000000,3,1731660852126,1334.18,46633.05,30000,1,10,4280.27,900
SkipHash,1000000,4,1731660853029,927.87,24323.46,40000,2,27,3871.95,903
SkipHash,1000000,5,1731660853956,593.28,12441.90,50000,3,47,3537.36,926
SkipHash,1000000,6,1731660854932,328.82,5746.56,60000,4,71,3272.91,975
SkipHash,1000000,7,1731660855909,110.47,1654.75,70000,5,103,3056.55,977
SkipHash,1000000,8,1731660856881,1220.46,15996.87,80000,5,103,4164.55,972
SkipHash,1000000,9,1731660857924,1043.51,12157.81,90000,6,135,3987.60,1043
SkipHash,1000000,10,1731660859013,913.13,9574.90,100000,7,170,3857.22,1088
SkipHash,1000000,11,1731660860076,795.13,7579.61,110000,8,206,3739.22,1063
SkipHash,1000000,12,1731660861161,692.82,6053.95,120000,9,244,3636.91,1084
SkipHash,1000000,13,1731660862246,633.10,5106.58,130000,10,282,3579.19,1085
SkipHash,1000000,14,1731660863338,584.64,4378.88,140000,11,323,3528.73,1091
SkipHash,1000000,15,1731660864433,547.38,3826.47,150000,12,366,3493.47,1094
SkipHash,1000000,16,1731660865555,515.79,3380.29,160000,13,409,3459.88,1122
SkipHash,1000000,17,1731660866679,498.54,3075.06,170000,14,453,3442.63,1123
SkipHash,1000000,18,1731660867833,508.27,2960.86,180000,15,497,3454.35,1154
SkipHash,1000000,19,1731660868971,525.90,2902.37,190000,16,540,3469.99,1137
SkipHash,1000000,20,1731660870113,553.43,2901.58,200000,17,587,3499.52,1142
SkipHash,1000000,21,1731660871264,597.48,2983.34,210000,18,634,3543.57,1151
SkipHash,1000000,22,1731660872418,646.05,3079.24,220000,19,679,3590.14,1154
SkipHash,1000000,23,1731660873566,715.04,3259.89,230000,20,724,3661.13,1147
SkipHash,1000000,24,1731660874721,796.54,3480.15,240000,21,770,3740.63,1154
SkipHash,1000000,25,1731660875895,896.79,3761.41,250000,22,814,3842.88,1174
SkipHash,1000000,26,1731660877063,1007.42,4062.90,260000,23,859,3951.51,1167
SkipHash,1000000,27,1731660878256,1126.50,4374.91,270000,24,903,4070.59,1193
SkipHash,1000000,28,1731660879432,1261.41,4723.86,280000,25,949,4205.49,1175
SkipHash,1000000,29,1731660880732,369.03,1334.34,290000,27,1040,3315.12,1300
SkipHash,1000000,30,1731660881906,539.29,1884.96,300000,28,1086,3485.38,1174
SkipHash,1000000,31,1731660883107,714.91,2418.17,310000,29,1133,3658.99,1200
SkipHash,1000000,32,1731660884311,904.99,2965.46,320000,30,1180,3849.07,1204
SkipHash,1000000,33,1731660885496,1101.52,3500.08,330000,31,1227,4045.61,1184
SkipHash,1000000,34,1731660886681,1313.07,4049.57,340000,32,1274,4257.16,1185
SkipHash,1000000,35,1731660887951,586.22,1756.28,350000,34,1372,3532.31,1270
SkipHash,1000000,36,1731660889158,841.78,2451.86,360000,35,1417,3785.87,1206
SkipHash,1000000,37,1731660890364,1105.87,3134.01,370000,36,1464,4049.95,1206
SkipHash,1000000,38,1731660891587,1381.95,3813.36,380000,37,1511,4326.04,1223
SkipHash,1000000,39,1731660892881,750.07,2016.67,390000,39,1605,3696.15,1293
SkipHash,1000000,40,1731660894139,1075.25,2818.69,400000,40,1655,4021.33,1258
SkipHash,1000000,41,1731660895381,1401.33,3583.90,410000,41,1700,4347.41,1241
SkipHash,1000000,42,1731660896702,869.67,2171.23,420000,43,1790,3813.76,1321
SkipHash,1000000,43,1731660897977,1223.23,2982.90,430000,44,1836,4169.31,1275
SkipHash,1000000,44,1731660899295,737.07,1756.54,440000,46,1929,3681.16,1318
SkipHash,1000000,45,1731660900569,1127.77,2627.89,450000,47,1975,4071.85,1273
SkipHash,1000000,46,1731660901905,717.15,1634.76,460000,49,2071,3661.24,1336
SkipHash,1000000,47,1731660903171,1140.75,2545.03,470000,50,2120,4084.84,1265
SkipHash,1000000,48,1731660904465,777.41,1698.28,480000,52,2211,3721.50,1294
SkipHash,1000000,49,1731660905765,1235.45,2643.81,490000,53,2258,4179.54,1299
SkipHash,1000000,50,1731660907087,917.07,1923.24,500000,55,2353,3861.16,1321
SkipHash,1000000,51,1731660908390,1392.72,2863.47,510000,56,2398,4338.80,1303
SkipHash,1000000,52,1731660909714,1111.69,2241.72,520000,58,2486,4055.78,1324
SkipHash,1000000,53,1731660911037,867.56,1716.43,530000,60,2576,3813.65,1322
SkipHash,1000000,54,1731660912313,1389.38,2697.92,540000,61,2620,4333.47,1276
SkipHash,1000000,55,1731660913643,1203.46,2294.40,550000,63,2708,4149.55,1328
SkipHash,1000000,56,1731660914960,1037.44,1942.56,560000,65,2797,3983.52,1317
SkipHash,1000000,57,1731660916307,903.84,1662.72,570000,67,2884,3849.93,1347
SkipHash,1000000,58,1731660917652,808.65,1461.95,580000,69,2968,3752.74,1344
SkipHash,1000000,59,1731660918972,1412.98,2511.21,590000,70,3010,4359.07,1320
SkipHash,1000000,60,1731660920301,1355.43,2368.78,600000,72,3092,4299.51,1328
SkipHash,1000000,61,1731660921655,1320.64,2270.14,610000,74,3175,4264.73,1354
SkipHash,1000000,62,1731660923032,1306.81,2210.14,620000,76,3259,4252.89,1377
SkipHash,1000000,63,1731660924365,1310.06,2180.47,630000,78,3338,4254.15,1332
SkipHash,1000000,64,1731660925714,1341.46,2197.84,640000,80,3418,4287.54,1349
SkipHash,1000000,65,1731660927244,1395.16,2250.66,650000,82,3499,4339.25,1529
SkipHash,1000000,66,1731660928739,883.86,1404.24,660000,85,3625,3827.95,1495
SkipHash,1000000,67,1731660930102,997.94,1561.82,670000,87,3703,3944.03,1363
SkipHash,1000000,68,1731660931459,1130.32,1742.99,680000,89,3777,4074.41,1356
SkipHash,1000000,69,1731660932837,1291.50,1962.66,690000,91,3853,4237.59,1378
SkipHash,1000000,70,1731660934290,924.11,1384.28,700000,94,3967,3870.20,1452
SkipHash,1000000,71,1731660935757,1126.69,1663.98,710000,96,4041,4072.78,1467
SkipHash,1000000,72,1731660937214,1351.06,1967.63,720000,98,4118,4295.15,1456
SkipHash,1000000,73,1731660938798,1089.42,1564.84,730000,101,4231,4035.50,1583
SkipHash,1000000,74,1731660940229,1371.38,1943.24,740000,103,4300,4317.47,1431
SkipHash,1000000,75,1731660941728,1185.41,1657.32,750000,106,4407,4131.49,1498
SkipHash,1000000,76,1731660943257,1024.68,1413.76,760000,109,4516,3970.77,1529
SkipHash,1000000,77,1731660944647,1377.12,1875.34,770000,111,4584,4323.20,1389
SkipHash,1000000,78,1731660946036,1286.88,1729.99,780000,114,4681,4232.97,1389
SkipHash,1000000,79,1731660947469,1261.80,1674.80,790000,117,4786,4205.88,1432
SkipHash,1000000,80,1731660948844,1282.49,1680.99,800000,120,4876,4226.58,1375
SkipHash,1000000,81,1731660950235,1342.68,1738.15,810000,123,4964,4286.77,1391
SkipHash,1000000,82,1731660951636,1437.23,1837.85,820000,126,5051,4383.31,1401
SkipHash,1000000,83,1731660953062,1194.53,1509.10,830000,130,5162,4138.61,1425
SkipHash,1000000,84,1731660954447,1366.53,1705.84,840000,133,5245,4312.61,1385
SkipHash,1000000,85,1731660955889,1223.13,1508.88,850000,137,5350,4167.22,1441
SkipHash,1000000,86,1731660957293,1113.45,1357.61,860000,141,5457,4057.54,1404
SkipHash,1000000,87,1731660958729,1390.72,1676.18,870000,144,5533,4334.81,1436
SkipHash,1000000,88,1731660960135,1349.94,1608.54,880000,148,5632,4296.03,1405
SkipHash,1000000,89,1731660961566,1375.84,1620.98,890000,152,5729,4319.93,1430
SkipHash,1000000,90,1731660963005,1162.95,1354.93,900000,157,5845,4107.03,1439
SkipHash,1000000,91,1731660964411,1294.07,1491.13,910000,161,5939,4238.16,1405
SkipHash,1000000,92,1731660965820,1179.25,1344.06,920000,166,6047,4123.34,1409
SkipHash,1000000,93,1731660967240,1425.47,1607.22,930000,170,6133,4369.56,1420
SkipHash,1000000,94,1731660968691,1444.29,1611.12,940000,175,6240,4390.38,1451
SkipHash,1000000,95,1731660970153,1283.40,1416.57,950000,181,6358,4229.49,1461
SkipHash,1000000,96,1731660971576,1566.32,1710.83,960000,184,6427,4510.40,1423
SkipHash,1000000,97,1731660973022,1545.68,1670.89,970000,188,6532,4491.77,1445
SkipHash,1000000,98,1731660974469,1254.39,1342.16,980000,193,6660,4198.48,1447
SkipHash,1000000,99,1731660975902,1334.85,1413.83,990000,197,6754,4278.94,1433
SkipHash,1000000,100,1731660977346,1450.76,1521.24,1000000,201,6848,4394.85,1443
HashMap,1000000,1,1731660980482,80.00,8388.81,10000,0,0,4021.96,77
HashMap,1000000,2,1731660980561,160.00,8388.71,20000,0,0,4101.96,79
HashMap,1000000,3,1731660980646,240.00,8388.68,30000,0,0,4181.96,84
HashMap,1000000,4,1731660980727,320.00,8388.66,40000,0,0,4261.96,81
HashMap,1000000,5,1731660980818,402.00,8430.55,50000,0,0,4341.96,91
HashMap,1000000,6,1731660980904,482.00,8423.56,60000,0,0,4421.96,86
HashMap,1000000,7,1731660980991,562.00,8418.57,70000,0,0,4501.96,86
HashMap,1000000,8,1731660981082,642.00,8414.82,80000,0,0,4581.96,90
HashMap,1000000,9,1731660981163,722.00,8411.91,90000,0,0,4661.96,81
HashMap,1000000,10,1731660981264,804.00,8430.57,100000,0,0,4741.96,101
HashMap,1000000,11,1731660981344,886.00,8445.80,110000,0,0,4821.96,80
HashMap,1000000,12,1731660981426,966.00,8441.04,120000,0,0,4901.96,81
HashMap,1000000,13,1731660981509,1044.00,8420.89,130000,0,0,4981.96,83
HashMap,1000000,14,1731660981602,1124.00,8418.58,140000,0,0,5061.96,93
HashMap,1000000,15,1731660981686,1204.00,8416.58,150000,0,0,5141.96,83
HashMap,1000000,16,1731660981770,1284.00,8414.84,160000,0,0,5221.96,84
HashMap,1000000,17,1731660981854,1364.02,8413.43,170000,0,0,5301.96,83
HashMap,1000000,18,1731660981938,1444.00,8411.92,180000,0,0,5381.96,83
HashMap,1000000,19,1731660982019,1524.00,8410.69,190000,0,0,5461.96,81
HashMap,1000000,20,1731660982119,1618.00,8482.98,200000,0,0,5553.96,98
HashMap,1000000,21,1731660982178,1698.00,8478.49,210000,0,0,5633.96,58
HashMap,1000000,22,1731660982240,1778.00,8474.40,220000,0,0,5713.96,61
HashMap,1000000,23,1731660982297,1858.00,8470.67,230000,0,0,5793.96,57
HashMap,1000000,24,1731660982352,1938.00,8467.25,240000,0,0,5873.96,54
HashMap,1000000,25,1731660982520,367.64,1541.99,250000,1,115,4307.60,168
HashMap,1000000,26,1731660982575,449.64,1813.40,260000,1,115,4391.60,54
HashMap,1000000,27,1731660982635,527.64,2049.15,270000,1,115,4467.60,60
HashMap,1000000,28,1731660982691,607.64,2275.56,280000,1,115,4547.60,55
HashMap,1000000,29,1731660982744,687.64,2486.35,290000,1,115,4627.60,53
HashMap,1000000,30,1731660982799,765.64,2676.11,300000,1,115,4707.60,55
HashMap,1000000,31,1731660982853,845.64,2860.39,310000,1,115,4787.60,53
HashMap,1000000,32,1731660982911,925.64,3033.14,320000,1,115,4867.60,58
HashMap,1000000,33,1731660982970,1005.64,3195.43,330000,1,115,4947.60,59
HashMap,1000000,34,1731660983028,1085.64,3348.17,340000,1,115,5027.60,57
HashMap,1000000,35,1731660983083,1163.64,3486.19,350000,1,115,5103.60,54
HashMap,1000000,36,1731660983139,1243.64,3622.36,360000,1,115,5183.60,55
HashMap,1000000,37,1731660983195,1327.64,3762.52,370000,1,115,5267.60,56
HashMap,1000000,38,1731660983253,1409.64,3889.78,380000,1,115,5351.60,57
HashMap,1000000,39,1731660983312,1487.64,3999.75,390000,1,115,5427.60,59
HashMap,1000000,40,1731660983425,1591.64,4172.39,400000,1,115,5531.60,113
HashMap,1000000,41,1731660983499,1679.64,4295.68,410000,1,115,5619.60,74
HashMap,1000000,42,1731660983718,558.78,1395.05,420000,2,278,4500.73,218
HashMap,1000000,43,1731660983804,638.78,1557.69,430000,2,278,4580.73,85
HashMap,1000000,44,1731660983888,718.78,1712.94,440000,2,278,4660.73,84
HashMap,1000000,45,1731660983973,796.78,1856.62,450000,2,278,4736.73,84
HashMap,1000000,46,1731660984055,876.78,1998.62,460000,2,278,4816.73,82
HashMap,1000000,47,1731660984138,956.78,2134.58,470000,2,278,4896.73,82
HashMap,1000000,48,1731660984222,1036.78,2264.87,480000,2,278,4976.73,83
HashMap,1000000,49,1731660984294,1116.78,2389.85,490000,2,278,5056.73,72
HashMap,1000000,50,1731660984347,1196.78,2509.82,500000,2,278,5136.73,53
HashMap,1000000,51,1731660984404,1274.78,2620.98,510000,2,278,5216.73,56
HashMap,1000000,52,1731660984460,1354.78,2731.90,520000,2,278,5296.73,56
HashMap,1000000,53,1731660984523,1434.78,2838.63,530000,2,278,5376.73,61
HashMap,1000000,54,1731660984579,1514.78,2941.41,540000,2,278,5456.73,56
HashMap,1000000,55,1731660984635,1596.78,3044.26,550000,2,278,5536.73,56
HashMap,1000000,56,1731660984693,1678.78,3143.44,560000,2,278,5620.73,57
HashMap,1000000,57,1731660984751,1758.78,3235.46,570000,2,278,5700.73,58
HashMap,1000000,58,1731660984806,1838.78,3324.31,580000,2,278,5780.73,54
HashMap,1000000,59,1731660984860,1918.78,3410.14,590000,2,278,5860.73,54
HashMap,1000000,60,1731660984921,1996.78,3489.62,600000,2,278,5936.73,60
HashMap,1000000,61,1731660985174,806.00,1385.50,610000,3,473,4745.96,253
HashMap,1000000,62,1731660985234,886.00,1498.45,620000,3,473,4825.96,59
HashMap,1000000,63,1731660985290,964.00,1604.49,630000,3,473,4905.96,56
HashMap,1000000,64,1731660985348,1044.00,1710.49,640000,3,473,4985.96,58
HashMap,1000000,65,1731660985408,1124.00,1813.23,650000,3,473,5065.96,59
HashMap,1000000,66,1731660985465,1202.00,1909.68,660000,3,473,5141.96,57
HashMap,1000000,67,1731660985519,1282.00,2006.38,670000,3,473,5221.96,53
HashMap,1000000,68,1731660985575,1362.00,2100.24,680000,3,473,5301.96,55
HashMap,1000000,69,1731660985636,1440.00,2188.34,690000,3,473,5381.96,59
HashMap,1000000,70,1731660985696,1520.00,2276.91,700000,3,473,5461.96,60
HashMap,1000000,71,1731660985756,1600.00,2362.99,710000,3,473,5541.96,59
HashMap,1000000,72,1731660985813,1680.00,2446.68,720000,3,473,5621.96,57
HashMap,1000000,73,1731660985872,1760.00,2528.08,730000,3,473,5701.96,58
HashMap,1000000,74,1731660985933,1840.00,2607.27,740000,3,473,5781.96,61
HashMap,1000000,75,1731660985990,1920.00,2684.36,750000,3,473,5861.96,56
HashMap,1000000,76,1731660986045,2000.00,2759.41,760000,3,473,5941.96,54
HashMap,1000000,77,1731660986251,1006.00,1369.96,770000,4,623,4945.96,206
HashMap,1000000,78,1731660986308,1086.00,1459.94,780000,4,623,5025.96,56
HashMap,1000000,79,1731660986435,1202.00,1595.43,790000,4,623,5141.96,127
HashMap,1000000,80,1731660986490,1282.00,1680.34,800000,4,623,5221.96,55
HashMap,1000000,81,1731660986546,1360.00,1760.57,810000,4,623,5301.96,55
HashMap,1000000,82,1731660986603,1448.00,1851.63,820000,4,623,5389.96,57
HashMap,1000000,83,1731660986657,1528.00,1930.39,830000,4,623,5469.96,54
HashMap,1000000,84,1731660986744,1620.00,2022.26,840000,4,623,5561.96,86
HashMap,1000000,85,1731660986801,1702.00,2099.62,850000,4,623,5641.96,57
HashMap,1000000,86,1731660986874,1782.00,2172.75,860000,4,623,5721.96,73
HashMap,1000000,87,1731660986931,1862.00,2244.19,870000,4,623,5801.96,57
HashMap,1000000,88,1731660986990,1940.00,2311.64,880000,4,623,5881.96,58
HashMap,1000000,89,1731660987045,2020.00,2379.92,890000,4,623,5961.96,55
HashMap,1000000,90,1731660987100,2100.00,2446.68,900000,4,623,6041.96,54
HashMap,1000000,91,1731660987299,1256.00,1447.27,910000,5,765,5195.96,198
HashMap,1000000,92,1731660987354,1336.00,1522.71,920000,5,765,5275.96,55
HashMap,1000000,93,1731660987413,1414.00,1594.29,930000,5,765,5355.96,58
HashMap,1000000,94,1731660987476,1494.00,1666.57,940000,5,765,5435.96,63
HashMap,1000000,95,1731660987534,1574.00,1737.33,950000,5,765,5515.96,58
HashMap,1000000,96,1731660987591,1652.00,1804.42,960000,5,765,5591.96,57
HashMap,1000000,97,1731660987645,1732.00,1872.30,970000,5,765,5671.96,53
HashMap,1000000,98,1731660987702,1812.00,1938.80,980000,5,765,5751.96,56
HashMap,1000000,99,1731660987757,1890.00,2001.83,990000,5,765,5831.96,55
HashMap,1000000,100,1731660987812,1970.00,2065.70,1000000,5,765,5911.96,54
